itemID,itemName,itemUpdatedAt,itemAge
bkizmoszvjazfdsdp7pqacndcu,Pandora (Mom),2013-05-30T23:55:36Z,3980
pw5jogli5fb2fnvf4lk4rlunnm,Library Online,2013-05-31T20:42:49Z,3980
peng6gkkqjat3mx2nqb7of32km,Staples Jobs,2013-07-08T18:15:13Z,3942
7kytovb3lreijltopq5m2xgbyu,Champps MVP,2013-07-14T19:58:00Z,3936
zmmwuzbhbbgadi2j7hcvug6ezi,Peco,2014-02-06T05:03:39Z,3729
4uezr6vr75ce3athjvytgyrw2u,SteveSpangler,2014-04-10T03:06:05Z,3666
5w7ajghomzgwfc6vddq6n7ewgm,GogoAir,2014-04-10T02:22:52Z,3666
6jlwcmjzzbbohpkr2npcnrbpxm,FamilyEcho,2014-04-10T02:32:19Z,3666
edw5tseqjvh3pcaa5ymzptq4na,IFTTT,2014-04-10T01:46:01Z,3666
i5djyagutraeno7ht5vlmgeq7q,IndieGoGo,2014-04-10T02:55:11Z,3666
m7bodovzfvb4ra5me6arvpixy4,Zazzle,2014-04-10T02:27:03Z,3666
mcyanbc6wjai3ldz2r3jj5giqm,Playmonopoly,2014-04-10T02:42:53Z,3666
kmtasbeu2veejaptybha6hxiam,DisneyPhotoPass,2014-04-10T02:59:08Z,3666
ntelnfhgcvdepbak7c427j37cq,Jawbone,2014-04-10T03:08:19Z,3666
yl7p72cikbeavhcx7phenghwpq,LeapMotion,2014-04-11T02:01:43Z,3665
ej2rwi3jbzhkjbkbmrr3bbcnaa,iHeartRadio,2014-04-15T21:11:05Z,3661
g2va6f4jqnflrcvqbt6jo2ihqa,Tripcase,2014-04-15T21:56:17Z,3661
huasj5opozeifiug2xwlrn64fe,JotForm,2014-04-15T21:28:02Z,3661
ktxcnk4q4jfxjmj62dgxjb42bi,Foursquare,2014-04-15T21:04:31Z,3661
e4noyfzonzd3dn3trc2cdybzfm,Pandora,2014-04-15T21:33:16Z,3661
lilkgttevfed7glexuvaly3mya,Bluehost,2014-04-15T20:49:03Z,3661
pnzkca6l35g5jmahb5cymn4kre,Skype,2014-04-15T21:52:50Z,3661
zea6rkgkifhd5mb3xt3f47gpyu,College Board,2014-04-15T20:35:27Z,3661
wt36fo3vrjaubfjkdci5jivrha,Shazam,2014-04-15T21:46:09Z,3661
unhvvq7cnndgbc7criswvyw4im,MunchPak,2014-04-22T15:30:54Z,3654
n2erfszt2bap3ldu7s25nangm4,Cloudflare,2014-05-03T02:05:49Z,3643
zpdzdw3so5hmzby4n74lmyus6y,Firefox,2014-05-04T18:34:18Z,3642
dnbqn6g52bfrbec7xcwwxvvene,Staples Copy and Print,2014-05-12T15:27:03Z,3634
g5n55yt4pfbixkp2dkq7mkn3ia,Vine,2014-05-12T23:40:54Z,3633
fjjfd3o6h5cjvbud3gahuyma4i,TFT Online,2014-05-15T20:08:41Z,3631
56cx7gds7vhetgpeb3xdevm53i,Studio Design,2014-05-24T23:56:25Z,3621
6h5oifwcmrgajkausvmhquc7y4,Kromtech,2014-07-02T22:14:40Z,3583
sztwmtvstjb5hovhsjhcppvgdi,Postagran,2014-07-05T00:38:20Z,3580
7msipjoervakvav2m7d7se6gji,Google (Mima),2014-07-06T20:49:04Z,3579
dxalwce35ncilislp3xv42v3ve,Facebook (Mima),2014-07-06T20:51:46Z,3579
vcssisnlnzbc5lcklxwpdvebfi,Mima NYT Crossword,2014-07-06T20:52:10Z,3579
57opdnpto5gurjfsutxukma2pm,Top of the Rock Photos,2014-07-28T21:37:26Z,3557
jt5ojx7tubcddjiop63o2dijnm,Activtrax,2014-08-19T23:55:46Z,3534
zfvbe2auy5bhdluznhezrw2ysu,Uber,2014-08-27T14:49:37Z,3527
7lqokdpjdzgtxobq6kmb42acfa,Khan Academy,2014-08-29T21:00:48Z,3525
idpfvddxgbfcnoxvg2p2ombltq,WriteCheck,2014-08-29T21:17:27Z,3525
iyfzyg6sffcp5a72mdjntre6e4,Udemy,2014-08-29T21:20:07Z,3525
mkzxitbkejbgvbmlsvxhz742cm,Overdrive,2014-08-29T21:11:53Z,3525
lralolelvrcdbhpsgms73gtjwy,Quizlet,2014-08-29T21:12:19Z,3525
ojpldjvi7zabddjkjwiowynnny,Nytimes,2014-09-29T02:12:52Z,3494
gfpvaw6tonhd7d6stvgqkpa77q,Rhapsody,2014-09-30T01:10:13Z,3493
kwkbfpsb2vbvzijeik7ro3n3au,Concept2,2014-10-05T19:24:30Z,3488
qk7mu4g7orcjraqjhxr7sgkmei,Bitly,2014-10-07T21:19:37Z,3486
my24kwqb3zertgvbnjlc2qe7k4,Haikudeck,2014-10-21T21:25:39Z,3472
helucfvslzh2jjkp6w74h6hsl4,Gtmetrix,2014-10-22T19:54:02Z,3471
k7rnh6czkfbjjpzkf2vrixb2uy,Expedia,2014-11-14T00:55:39Z,3448
25e422kj5jdojlt6o6psf6fwj4,Ello,2014-12-19T01:45:23Z,3413
hyfhqcpwbjdjhj7ukbbw65tnou,Yahoo,2015-01-01T19:42:32Z,3400
75e2gi5qzngfngc67msnhzglpq,Socrative,2015-01-20T23:45:59Z,3380
gpi2qsgcyndcfiutx3silpuwmi,WordPress,2015-02-12T17:14:17Z,3358
v4jgk3bb4vc6tfsdstkavxapae,Evernote,2015-02-12T17:10:32Z,3358
5tqy4rujgvdw7mvgqo76oopzqe,Moo,2015-02-15T02:28:47Z,3355
dxjks5cchffhphaxeak26aupky,Canva,2015-02-26T22:35:04Z,3343
jsplahldn5c73mwh7vpokewcxq,Mysubwaycard,2015-03-01T20:04:29Z,3341
6qdbl26ncbdjfklcmba5vpwb5i,Uncrate,2015-03-08T18:49:11Z,3334
qacdpbb73bhhjjally5t4y2ovm,Disney,2015-03-15T22:01:44Z,3327
vdif4fg7yva53ae2llpr2qhedi,Gyft,2015-04-13T21:02:39Z,3298
a7nrdrvvsfaydenvdeyq5ysdmy,Color Run,2015-04-16T14:32:47Z,3295
77tejst4svajxgpjhdht4e6wnm,Kiva,2015-04-17T14:17:00Z,3294
4gy23y2l4nb4jenkirpghkrqly,Issuu,2015-04-19T17:38:54Z,3292
boc54wbhsngrbptydrp37vrra4,Scripbe,2015-04-20T14:29:28Z,3291
thku43tqufdvjbx6n6ujqoy67u,Parallels,2015-04-20T19:39:19Z,3291
ve2rfefxcvd4tadqa76rgdrw4e,Invisionapp,2015-04-21T19:05:51Z,3290
mkce6yqgnveethzjwqqptm7bsm,Seaclubv,2015-05-04T01:19:48Z,3277
vnurdlv4lrb37ecevuwpbadiyi,Stacksocial,2015-05-07T21:25:22Z,3274
gjsjdtpwwjgnbpfs7gcowjiqb4,Slides,2015-05-14T01:32:20Z,3267
jowfya6jzfgthpgjl5eax4cdxa,Soundcloud,2015-05-21T21:43:12Z,3260
7bfyxw4yc5acvnbz5uln2niiii,Kahoot,2015-06-16T20:08:23Z,3234
5lkkrnb4c5edpb64m5aqdx45ma,Fonts.com,2015-06-17T20:24:11Z,3233
5yq4yvdnx5aoddsmwspibvuovm,Agilebits,2015-06-17T01:39:02Z,3233
p26yets7v5gdtdg2amh37vaoom,Hilton,2015-06-27T21:17:37Z,3223
3eruhz2y2zebboppitykadwzje,Themify,2015-07-02T17:12:31Z,3218
dunfkf74ordljcqrqtvetnlwwe,SurfEasy VPN,2015-07-06T00:30:08Z,3214
5ux6q6bz2bdrbidmgc7r57fqky,Telecom Italia,2015-07-17T06:42:47Z,3203
3ou4lrcn2vcjfpjwfixggt3g44,T-Mobile Hotspot,2015-07-19T14:12:03Z,3201
372ntpjijzfcnbkb2sr2pwhoza,Tumblr,2015-07-22T19:02:06Z,3198
dsp52n3yqjcqbpwf2dzyh53koa,Thenounproject,2015-07-22T18:58:04Z,3198
jw5prziygnbi7gmtgbqwoosmru,Visually,2015-07-22T20:07:23Z,3198
q5fmttkyafd7ra6ry2wzy2yhae,coolors.co,2015-07-22T18:43:23Z,3198
tckvfvfby5ealmhacjel6zdpza,Pixlr,2015-07-22T19:00:24Z,3198
b352upruwjex5dlweddi5amx5u,Hackdesign,2015-07-23T17:01:06Z,3197
as5mahvagrf35h5rpzsihkc7u4,Dribbble,2015-07-24T20:38:09Z,3196
rxwj7kwrhrax5jdmxuv7hbw324,Delta (DAD),2015-07-29T17:57:27Z,3191
pkoxxrwvfraybin5ydo6435cly,Automatic,2015-08-01T19:57:39Z,3188
644x3yffpnerni774s5qd4eyou,Trello,2015-08-08T19:32:45Z,3181
qeparsebzfdxnmzd2acvqn2a5i,Hover,2015-08-08T19:07:07Z,3181
5ptvq3xrojeqdm4jiubassphr4,Vimeo,2015-08-12T19:41:50Z,3177
kzwjs3kydjeirmibbf3amu4ksm,Guidebook,2015-08-13T00:20:22Z,3176
veszuyq35jgmna3bzhi3wcsvyy,Niche,2015-08-15T22:32:01Z,3174
kzjzbolxezcnncmz3a6pce2wd4,Workflowy,2015-08-24T17:52:12Z,3165
frfij22w7felbiggmhv3pdibfm,Hushed,2015-08-25T18:49:18Z,3164
7yufj4emqvcp5acxdrwzxq3tiu,Cottonbureau,2015-08-27T20:36:36Z,3162
ryjmv6m46jffpirj2jpx67qhwi,Eventbrite,2015-08-27T00:39:31Z,3162
x6zelim44remjci6hidv73hagq,Slideroom,2015-08-27T23:42:47Z,3161
62z4gvedqrgdtl2ksdzl3oay4q,Starbucks Jobs,2015-08-29T19:26:53Z,3160
44qvpdvycjcmjkhyqvvi24zwa4,Studentadvantage,2015-09-07T22:36:23Z,3150
k27am2m3hnb4vfrdqtrbpg37g4,Physics Textbook,2015-09-10T14:11:45Z,3148
3kzkibuwgrg5fh6i3konsyx4zm,Paper,2015-09-11T01:35:59Z,3147
r5fvn4lkinfjpgf25biq5jwpxa,Mod Pizza Order Online,2015-09-17T20:53:47Z,3141
gxke7wifv5fablkh56yczx5dau,Hitlist,2015-09-20T16:48:02Z,3138
jf67bpjvlrfu3nba3vxpqjjoiu,500px,2015-09-20T16:42:56Z,3138
dmprmpae55b2jk7vjebhvujbvy,TWC,2015-09-26T03:10:21Z,3132
el4vmhx4rbfmtkmwhsmdxksar4,Fandango,2015-09-26T03:10:11Z,3132
ro5ldel5zvgetnkb3tinasp7ru,Adobe,2015-09-28T21:26:52Z,3130
3hhaxvxusvez7iszz7c42jxvh4,Dominos,2015-09-28T22:48:23Z,3129
hkaq35rfzva2dlmvjvzbpi44le,Dftba,2015-09-28T22:47:18Z,3129
432emponcbcoxb3i4bo5kabaa4,Forest,2015-10-06T01:08:21Z,3122
g4kcyx7szbhnlckvy7tmthtzyi,TurnItIn,2015-10-20T23:09:09Z,3107
mubd56jicnd2pimqefuy2eumbu,Blurb,2015-12-03T23:51:56Z,3063
w37lmck4ujes3cfhqcf62vy67m,telepromptor.com,2015-12-08T16:16:11Z,3059
n5cqtjeag5bxff565252tet2c4,Apple ID (Mima),2015-12-12T20:58:31Z,3055
lj6jjxqofzcctarnhllxprlm3e,TeenDrive365 Contest,2015-12-30T01:03:31Z,3037
frrtdfgn2je5bh3hiwohh7rpxq,github.com,2015-12-31T21:06:11Z,3036
l44qvejzljdebnwt4n6hrt24h4,Scholarshipamerica,2016-01-05T15:12:18Z,3031
yemwdgmhifeklbwt6p6ya6kqoa,Creativemarket,2016-01-06T22:01:45Z,3029
e5kcq3olhvgf5jxhhip2l5baoa,Gazelle,2016-01-09T01:34:52Z,3027
co5atyzfobeijaza3qzw42bpue,www.myfonts.com,2016-01-10T20:09:06Z,3026
n75rqdmdubaqloszkukmfcre2e,user.wolfram.com,2016-01-11T23:38:25Z,3024
premf3aribcxva5kj4jrsifprq,Gwu Admissions,2016-01-11T22:43:58Z,3024
3igiiejfnfgznfzkbu737zizcu,Bitmoji,2016-01-19T22:03:22Z,3016
nsw35sr5kraxbjfl4hfnzbipzy,Campaignmonitor,2016-01-20T00:34:36Z,3016
bk5yc6zmcjbt7my4i5jvhcuqry,Logmein,2016-01-21T21:51:52Z,3014
t72khyno6venpc5wfryveoaisa,Nativeunion,2016-01-27T04:09:30Z,3009
7i7noye6hzcfxhfhoepj3jzgle,Onthehub,2016-01-29T02:39:46Z,3007
7zhl34behngdrefuuq3333t6ui,Worthpublishers,2016-01-29T02:18:15Z,3007
hd3akot66nhvjncicgotne66dy,Staples,2016-02-17T15:40:20Z,2988
v54apd74efgn7heevconrhur2u,HPePrint,2016-02-21T20:12:56Z,2984
lq2izk2gbbbkhocqyhjwqpiani,Withoutabox,2016-03-01T13:37:04Z,2975
hgwtxlnrynadballkylwmdcinm,Submittable,2016-03-03T01:51:27Z,2973
ij5ifwulyjdsxnd7lb35bj34qy,Scholarsapply,2016-03-03T15:47:52Z,2973
dybnwdy3nveznc4aex4jhsiiqi,Livestream,2016-03-10T22:21:49Z,2965
v5i2ewo65zfxxfkfoipqy3sdja,Godaddy Ethan,2016-03-29T15:06:47Z,2947
52lfr2q3mzdd7hfs63i7sh2d2q,Namecheap,2016-04-03T06:18:02Z,2942
p6lxrxwsf5fzbhyscrx72yay7e,Projects,2016-04-06T01:25:53Z,2939
keqnaj5xebfljpkhz4uxy65dsm,CustomInk,2016-04-09T16:57:03Z,2936
o7462sytlvgjvfpaq5lq5ooezy,Staples Documents,2016-04-10T17:02:00Z,2935
yewmyksu4bcrbbibv6oyrtwzzy,Borrowlenses,2016-04-17T15:52:18Z,2928
yrjhcw64lbe5rda54s4yzn45xa,Microsoft,2016-05-21T19:50:50Z,2894
y44ahbgwvzecznkqr7iaotd7jy,Jeromefdn,2016-05-27T23:09:39Z,2887
jjs4itg67jfzja6byufonyq7hy,GWorld,2016-05-29T02:07:18Z,2886
wlgonwzli5cmngvaan3b6gmn4y,GroupMe,2016-06-02T15:18:59Z,2882
4u7u5f3pibctzcv57f7qcofiea,Duolingo,2016-06-08T21:55:54Z,2876
tldyc23cafb7znvtnde4sbms6m,GoPro,2016-06-08T22:51:19Z,2875
z2fga5juuvcf5j5ttgkhlkifcy,graze,2016-06-10T01:05:54Z,2874
lptcqrxm6bdvhkziyw2lgqgxzm,Free Music Archive,2016-06-26T23:21:22Z,2857
uprtkgo5bbczjcpsu7xleuqmze,Etsy,2016-06-30T07:22:10Z,2854
oushb2effnapffdda5bandnq3u,app.youcanbook.me,2016-06-30T23:48:03Z,2853
u62gkgkztfdj7jo5mx7prq6evy,www.mapbox.com,2016-06-30T22:43:00Z,2853
kn4y57lurncoxdr4wg5mhy7jsq,Envato,2016-07-02T00:37:28Z,2852
p7zonhrypfeb5pvmuvc7yt6kdu,PASS,2016-07-25T17:15:27Z,2829
nxqi467m4bgozkul24e6ub5hli,Pinterest,2016-07-27T15:28:39Z,2827
szggjgy4mjaxlemkw2vr7wuuwi,CampusClarity,2016-08-04T17:52:52Z,2819
jj3nphvahzeejmyefv2yufqa7m,Getgwtix,2016-08-07T14:28:29Z,2816
fizz7ul5pbhgdfsnftst5dpqda,www.strengthsquest.com,2016-08-11T17:11:28Z,2812
ovq3fywoljbjbair7hsiierfeq,Western Digital US Online Store - Purc,2016-08-14T01:36:14Z,2809
vbr2nxmwyzdcpmb2top77rzpxa,secure.checkout.visa.com,2016-08-19T17:36:12Z,2804
tjrjgcqglngjpa7fqhvz5jb6ii,Embark,2016-08-23T20:31:01Z,2800
z5ekf3jkvbdkzijtpkwhoeknia,OneClass,2016-08-23T21:28:19Z,2800
f57sh2ltkvcsfizxlomx6inxci,www.scribd.com,2016-08-28T13:29:50Z,2795
pwznnburmjf3fax76pyxfxc5la,WhichWich,2016-08-29T19:17:02Z,2794
oyfp533oi5adldj53ogghzn6ae,Turning Account,2016-08-29T18:41:14Z,2794
5ub2bj46b5gzhfcyt5ohyih2q4,Whole Foods,2016-08-29T04:43:59Z,2794
chmsr6n5avewxmttrrdwgohnp4,Circle,2016-09-01T12:56:41Z,2791
fb62vzujxbg4ti3yj6ylqhkc4u,Prestige Portraits,2016-09-06T02:41:27Z,2786
nruq3vq3xbda3bxbohofdvjes4,UPS,2016-09-06T15:55:40Z,2786
oyb2rknoqjf57cixfj3sqzvi54,Kickstarter,2016-09-07T02:23:40Z,2785
vf2vb4sswnfudbc2xpisqcmwhq,Adobe Customer Advisors,2016-09-07T23:22:26Z,2784
2mhch5mvuzh55gv3noisxlsof4,National Geographic,2016-09-09T02:54:18Z,2783
n2apidwyyzhxliyejnx35e7eee,Aluminyze,2016-09-10T22:25:13Z,2782
lpcjefe7qzg55g3dgdxr4gctpa,Framebridge,2016-09-10T21:46:53Z,2782
opj7wldy5jcn5ehjr64ks2igci,Gopuff,2016-09-12T00:23:06Z,2780
do2dlmqxbfhkhdootvhu7nu67m,Dropbox (info@),2016-09-17T21:10:49Z,2775
qh5rtlc3qjhgdgvlapf3n5b2cq,Grubhub,2016-09-19T23:26:40Z,2772
qx4pwdojpbahzehq4xh2hno5ta,Venmo,2016-09-22T17:01:39Z,2770
ps574oh2rbeklp7hzcfbw3upsy,Herschel Supply,2016-09-27T21:31:08Z,2765
7sqsxetlmje7rdd5qimqodwvhe,Artifactuprising,2016-10-03T19:57:20Z,2759
wz3vb3luazfqncbowjcxoo4lbq,Prezi,2016-10-13T20:22:41Z,2749
a3ffa2t3rjcc7fnptdktqcw6d4,Lacie,2016-11-03T16:40:55Z,2728
4riyagvmavf55nammsezau2b6y,RealVNC,2016-11-04T21:11:47Z,2727
7c3cnefbqje6vncgad3ndy22la,Gwutickets,2016-11-07T15:48:21Z,2724
nfaws7llqfbz7ppvjvijgwt7wa,IMDb,2016-11-10T05:02:26Z,2721
dowgt5z7jzhxfhi2lpwzf3uwxy,California Tortilla,2016-11-16T18:46:22Z,2715
rlncnhiolzdi3ddqvcjkdlugey,Houseparty,2016-12-06T22:56:21Z,2694
kmmpd3bh5ffz3pltyg6txqtjau,PDNedu,2016-12-15T01:50:59Z,2686
ll4d472ru5hshatnfbrkjgwrge,Typeform,2017-01-02T16:52:00Z,2668
uzu2d3sns5grrpi45y27a7mxbu,Formstack,2017-01-02T16:49:57Z,2668
gojdvty6fvhozb3tgrjsnx7zri,Sonos,2017-01-05T01:57:57Z,2665
2r6ueyoldfbf3gx5ymkucn64du,Marketcircle,2017-01-08T17:08:45Z,2662
b4qf7tq5graktigdwdpd2t3k4m,Dollar Shave Club,2017-01-08T19:53:35Z,2662
e22uykvrlbdexoxym7isnnh26a,Pardot,2017-01-10T20:28:10Z,2660
kg7pq7qehfepdldhycxwv3xv7y,Eurail,2017-01-17T02:33:41Z,2653
lrczyof6sjbqhpq5qlj2mutcza,Wikispaces,2017-01-27T13:44:21Z,2643
aifd5ou7l5a4fdidaib2gnpsxm,MailChimp,2017-02-14T21:10:48Z,2625
wze53ehrtnemnm26pxjwin6c2a,TripHobo,2017-02-18T17:58:25Z,2621
xj7aatxzhbcztd7od25tcbcccq,StudentUniverse,2017-02-24T23:12:31Z,2614
ajbjo53ygfhldheaid2mg6hicy,Unsplash,2017-03-01T02:35:20Z,2610
aenyw7fxrbfnhfic7i7eyib54q,Game-Message-Portal,2017-03-07T18:51:27Z,2604
qi3wmjstnjg4xmrjr7fno4lfau,ebay,2017-03-22T01:33:11Z,2589
6if7qh25i5aqjgpmsbfguf3vpy,Global Entry,2017-03-28T20:20:30Z,2583
rfpxt4cdizd3nc7l6m3ldnkpza,Proofpoint,2017-04-03T22:47:38Z,2576
avc2ue6r3jbzta3rf76x7ucyku,Rail Europe,2017-04-11T19:52:01Z,2569
n5icu4wa3namxfh6u3otu4cunq,KAYAK,2017-04-11T20:55:25Z,2569
pz44y5trv5dj5jfclwkwxgehrm,Cerner Health,2017-04-12T07:58:24Z,2568
dcv5jentc5d4rgosfgj7gtc5li,Collegeboxes,2017-04-19T00:44:17Z,2561
oobtxucmczdazd63imfexawy5q,Streamline Payroll,2017-05-01T19:15:33Z,2549
7kz2a6aq7nfubgrukigl73vnwu,Cratejoy,2017-05-14T16:58:11Z,2536
4d7nwrh3dzcjfpwpysqdb5jwrq,Friendbuy,2017-05-14T21:04:50Z,2536
ynjipjerb5a4vkwblxd5ifxqkm,Zendesk,2017-05-14T20:50:29Z,2536
eynhdeabxrcvtc4ofnkc37guee,Dental Patient Login,2017-05-14T19:29:23Z,2536
ei3wzgmyifafrofm2lz46q2iy4,Postmates,2017-05-17T23:11:59Z,2532
eh5xo2zbkzdazlkzm66doewbz4,Meraki,2017-06-04T21:33:30Z,2515
67hpnwmwibaplchqwk5osseyxm,MOD Pizza,2017-06-06T17:35:32Z,2513
zl725olvobdx7b4sygd2qp2rfm,Getharvest,2017-06-07T21:03:46Z,2512
65oxidhpdfeonmaj3dcedqdq5a,Capitalone,2017-06-19T22:55:15Z,2499
a6cplqj3cfdibannekezhtchu4,TD Ameritrade,2017-06-26T02:53:58Z,2493
575qi4un6jd4tdyhf3p2xgo3fi,Clarity Money,2017-06-27T21:40:00Z,2492
xcjnqxxobbcalijz2vzhspuljq,Simple,2017-06-27T18:40:04Z,2492
vm545xae5vhjla6hc2tgwd6jza,Fsa Id,2017-06-29T22:14:52Z,2490
gbeyma2rsng7himhmeupbmyhde,Bkstr,2017-07-02T20:48:23Z,2487
idg6m7pmf5c4rpl5n3dj7mriim,Aleks,2017-07-02T20:33:54Z,2487
kkldemtfybgfvbox5ffrsdb4lu,Aessuccess,2017-07-02T20:31:53Z,2487
sj34ry7vgrgoxf3ou7osfol3j4,Achievemint,2017-07-02T20:21:28Z,2487
zrkjpxszjnaczbwlytqbp53x74,Chimebank,2017-07-02T21:12:27Z,2487
rsgkqneb7jhjxh45mbxieqfnku,Ticketone,2017-07-13T01:55:24Z,2476
azpefmtlp5cmdnhphzs4dmao5a,Trendy Butler,2017-07-15T16:01:35Z,2474
6dkdv6qlnbg5boz3cbxtiaow3e,Conde Nast,2017-07-16T18:45:58Z,2473
reu3ypu4fneuvdof7mmavfb7t4,Compeatonboard,2017-07-16T17:56:54Z,2473
utbmqcwwfbdmfe5sendteucd3u,State,2017-07-17T19:18:18Z,2472
3wx7an2ca5gmbhlkubvfalmtuq,Pacwisp,2017-08-12T13:44:01Z,2446
lwxlfhtc2bg2pjymywfi3mtopi,Myunidays,2017-08-15T10:52:36Z,2443
pqgktipfrrhlhanx5uxgb34w7i,Via,2017-08-26T16:58:51Z,2432
4sq3juu2nbhhbcqidboslcrtma,Ucas,2017-08-29T14:20:52Z,2429
ac3otjuacvhx5dzjnq5phver2e,Disabroad,2017-09-04T19:02:32Z,2423
xhcrvny4snay7kujbmk7wqkcwq,Angel,2017-09-13T21:14:15Z,2414
7yyn7xmairawzmn52w77iyoeru,Surveypointsclub,2017-09-14T00:11:06Z,2413
pnhi7r3zurhyjdxsg23cqj7ixi,Doordash,2017-09-15T02:04:14Z,2412
72ua7km5j5cilafiw52yrxscim,Myachievement,2017-09-16T01:51:45Z,2411
qnnchfz74zgnzhdrtnob36jflm,Force,2017-09-16T23:06:03Z,2410
c57q3c6nvfhxbdrzrfi456dsqq,ViewBug.com,2017-09-21T20:43:55Z,2406
psqya3i6yje6dkrdoqtmvq2f34,Viewbug,2017-09-21T20:37:52Z,2406
ap3al2m6grhmri7uhuyu7ttfpy,Canon,2017-09-25T17:28:49Z,2402
hnjf5h26tvhjhe2motp3tp6vnm,Shopmetrics,2017-10-09T17:16:18Z,2388
ifdvkiqgpfagxbznhls2txmhe4,MailChimp (SaE),2017-10-09T16:10:32Z,2388
exm5uuyrz5dfbpjlxqcdlylxxe,Upwork,2017-10-31T20:50:02Z,2366
6nxoic2zgbb65o4nelmxp5chwy,CrossFit South Arlington,2017-11-02T20:09:58Z,2364
jinvu6u5jrcvhhnefekif75l3y,Bright Cellars,2017-11-04T22:43:29Z,2361
cva2nlfwmfdltlzlhnidaxb4vy,Discover,2017-11-13T23:30:23Z,2352
koifbk6oongmrdbntedwltnbdi,Offers Temple,2017-11-22T18:37:45Z,2344
v7i4sjzgtrevdjnbhvxdyccyea,DirecTV Now,2017-11-24T23:32:01Z,2341
unl3y2ud2zaxbdv2ox4da4u65i,TutorMe,2017-11-28T01:47:08Z,2338
22ge5kwpwbgo3hftqizqx4b4g4,Workforce,2017-12-06T21:43:03Z,2329
wl3t7jrw2vajllyuyzr3bjmley,BMO Harris Bank,2017-12-19T17:12:30Z,2317
4g74hcmf55gkrgcvyc2vkj2hoi,SmugMug,2017-12-23T21:51:39Z,2312
5myszvyddzfzxln2vlpiw7he2y,Booking.com,2017-12-26T18:52:59Z,2310
7jyxfkjggbfi5bydkk3ckwltpy,Booking.com,2017-12-26T18:54:45Z,2310
qmunp4kmcvhbhdovxqzd4fuoge,CHOP,2018-01-04T22:51:50Z,2300
tjobpma5mfaophljcro4jslxnu,myHEALTHware,2018-01-09T21:27:10Z,2296
6fh76lcjm5fozcpsw54g5swqi4,Serengetee,2018-01-12T00:21:47Z,2293
e7vjinuzqzhzjg6kums45lhdbm,Sarigg,2018-01-16T21:06:00Z,2289
qqaq4jtyfjeybkae6uyqjeuram,TED,2018-01-24T00:03:38Z,2281
7kyjpt3dqvcitdl2usu2ro27ca,Siteimprove,2018-01-31T21:08:29Z,2274
lf42evaj5fgyxhrabj43rs2taa,TeamWork Online,2018-02-05T20:34:32Z,2269
oxyjdso4vnerhhzcqupxlgexi4,Myworkdayjobs,2018-02-05T20:12:23Z,2269
ywedef2egjhebmsuo2noc545zm,Five Four Club,2018-02-08T17:01:46Z,2266
cw7cd54xbfhjjanutqlcaklrqm,H&M,2018-02-09T19:02:08Z,2265
rgoyntkiirfpndvdiuqjbkiaky,ComputerShare,2018-02-10T19:39:09Z,2264
zv6ibv3chbbcze5atii4iyzlxa,AARP,2018-02-23T19:32:54Z,2251
isfon7ea3zeqbjuiit2jezxvoi,honestbee,2018-03-15T09:32:59Z,2231
lhrnrtpobraslnm6gg6enw4lsi,Rewardsnetwork,2018-03-20T16:04:45Z,2226
bwtobwfevrdwfkusomb4ycjxhe,Myguestaccount,2018-03-27T15:17:47Z,2219
fopm3vqx3jbbhcbwcxtsmyoedi,Ifsa-Butler,2018-03-31T23:23:26Z,2214
qthq753wk5crpbklfe6eygkprq,Ikea-Usa,2018-05-05T20:29:36Z,2180
3ffkwlcltfdzhfro2wtmjipzly,Codepen,2018-05-07T20:50:11Z,2178
pzkb6q7stbdwfdnomnatdyj7zu,College Media Network,2018-05-08T17:06:18Z,2177
uh3lasvmcza5joc7cxfyqkdrsa,BestBuy,2018-05-11T01:39:11Z,2174
4g3ad5a7j5fhzlaqdllibjtzg4,GET,2018-05-12T02:36:11Z,2173
zofkwsrhljb3hau3hufbcwhtaa,Grammarly,2018-06-07T19:52:16Z,2147
2hwc5oy6azabvpw3nft2qjy3ky,Herschel,2018-06-07T21:14:11Z,2147
p75wq4yzezewdlqowjnw6xu5la,TiVo,2018-06-09T14:49:32Z,2145
4omddv2oyjanlelddblc2hjkri,Potbelly,2018-06-10T15:37:18Z,2144
hntxxn7pxzhv3k57xqi6mqgk3q,Potbelly,2018-06-10T15:36:35Z,2144
nhrxfjup3jfmnfbvgkx6yfyy4y,Keurig,2018-06-11T02:05:35Z,2143
wo7usztw4jet7mtrmfnl62yd3u,Warby Parker,2018-06-19T12:17:44Z,2135
chpwoylexngb5aolggdajrivwq,Fedex,2018-06-24T23:13:27Z,2129
42tsd43gyfeppnjdsxcs62ipwi,GiantFood,2018-07-03T17:20:58Z,2121
hmep4zigjfdtnbidcongvr3fci,Smi,2018-07-03T16:50:20Z,2121
hb7c6lhrw5f5pd3txounjxbswm,MonitorMyWash.com,2018-07-03T16:51:50Z,2121
jqnde4kqjvcgtk3yuabvgza3ra,American Express Careers,2018-07-03T17:16:26Z,2121
dyc6aakr4bhvblyvo4vnhf6o5e,Brassring,2018-07-03T16:47:13Z,2121
qicke6xfo5dr5a5ttfdsrxlesi,Birthrightisrael,2018-07-03T16:50:52Z,2121
v6zspl3oonhafiolwlmhcp7zla,ECSI,2018-07-03T16:49:40Z,2121
2lyfcfuzanfjpgd7kjviak3py4,Nytimes,2018-07-09T03:14:39Z,2115
gngochcanfb5bmu72soaxkyxxq,Square Affiliate,2018-07-12T18:16:53Z,2112
krz35uqwnjfbnompf3m62temse,Brandless,2018-07-12T14:47:03Z,2112
5cppg2ufebcmbjs3healusj2xa,Roku,2018-07-15T15:33:16Z,2109
uk6jofqyczhbtdnzvi53isy72a,Mypearson,2018-07-15T20:25:46Z,2109
fk342h2ezfcklnfbyf4wvtbeoa,Stashinvest,2018-07-17T13:22:20Z,2107
kqjbm4vofbhp5jwhsqa54jprhu,Target,2018-07-18T15:36:13Z,2106
xcg37xp76na7zmmo67nroras2y,Acorns,2018-07-20T19:49:36Z,2104
z6hgjtvhknfhfoba57xsoegu3a,mybusiness.dc.gov,2018-07-21T20:52:33Z,2103
ptsrpsi4u5ae7asxqg3z7y662i,Trycaviar,2018-07-23T15:46:31Z,2101
avbkvnjbk5fs3mkbjjesc2lcqe,SimUText,2018-07-27T13:12:26Z,2097
7uahpavyt5ha3k3jexw73ezvoi,Aspiration,2018-07-27T02:47:22Z,2097
u7uus2kl25avzo62c6sybzim5i,Ungerboeck,2018-08-01T20:48:09Z,2092
mbuqzt6a2fcp3kt2hkfmtvywla,Sling,2018-08-04T00:32:30Z,2089
q3oiemedarfj5mwhniweonbcre,The Graide Network,2018-08-07T19:46:51Z,2086
7zlcxhdl6vab5pgnle5s7ugn54,FREELETICS,2018-08-14T20:27:46Z,2079
aslgbxprijb5fcin4juuui53qq,Successfactors,2018-08-23T19:57:51Z,2070
pyrhykcluffxrhgr5d36viqtri,VMock,2018-08-25T15:04:48Z,2068
fmg5kels6vgnzcozwkfh5wvecm,Harvard,2018-08-29T15:32:23Z,2064
qabckadmrbbzlfea3kpwmiesa4,Status Money,2018-09-02T17:37:43Z,2060
3u7utkukgvfw7c25va7l7mdeki,test IO,2018-09-07T15:50:46Z,2055
bguliihevreyxlnj32jsj26yf4,Territoryfoods,2018-09-07T17:30:12Z,2055
wpiedrgmtrag3lxfhjfr2net4i,Bring Back Shabbat,2018-09-07T19:20:45Z,2055
6nr4kxm62e3ufl6tu4zknhbc7q,PeoplePerHour.com,2018-09-14T14:52:03Z,2048
fbsk6mtfvrdo7aynnexocrviqu,Camera Bits,2018-09-16T23:01:57Z,2045
i5izegqmxzharetcyhnvwucl6y,Nav,2018-09-17T19:50:28Z,2045
uydiwubyp2gzogz6gpongqmwtu,Plastiq,2018-09-17T19:29:29Z,2045
z3f2lj4a2bcxvf7dakqkbfiwly,Masterpass,2018-09-17T19:31:03Z,2045
qo66bcfbuzhkjil7y5kvqutndy,Credit Karma,2018-09-21T20:27:11Z,2041
4gffpgxd2fel3oiemy72v5cj7q,Bring Israel Home,2018-09-22T17:31:01Z,2040
zooy7uovpba7pduns5escs4uqq,Twitter (EthanMStoler),2018-09-22T12:05:44Z,2040
i3e4rpkvnvdyvcp7i3jjaghxbq,MyFedLoan,2018-09-23T18:50:27Z,2039
3wjsa2bkpfd2beaq2gmtt7tn4u,travel.mastercard.com,2018-09-26T15:57:37Z,2036
d6chqnj4urafvopyh4bfyurn6q,ShopRunner,2018-09-26T00:27:04Z,2036
socylo3hkjagxcrqkgoc6svo3a,Starbucks,2018-09-28T21:13:31Z,2034
tnulx6jogfdwtkzqokaevfwgmi,AAdvantage eShopping,2018-10-01T22:03:57Z,2031
5mq3chyyvvajdbl6n7d7xo4vqy,Fsdsapps,2018-10-01T23:58:05Z,2030
o65xdcqm7rdrvdeny6ipmmweoa,Thesavoydc,2018-10-06T16:54:03Z,2026
vwokst5a5bb73lmos67337rcjy,The Hartford,2018-10-14T23:56:29Z,2017
ciw44ksxhjervcnazef4tdm7j4,Safeway,2018-10-14T23:36:25Z,2017
pkwwrg3hondn7gwj2kse43wsta,Blue Apron,2018-10-18T13:56:05Z,2014
47vzexvgefdwfks4uduawhrvxy,EE,2018-10-30T20:39:35Z,2002
jwgchn3nybewfduqjwtv2b2esm,VitalSource,2018-10-30T20:39:35Z,2002
xiwdsscltbggjmkwv6wdkcn5ie,Hellobonsai,2018-10-30T20:39:35Z,2002
ij74lzs2t5gp5hbadfbsbw7tsq,Asmp,2018-11-05T22:09:24Z,1995
kbzt7xh2bne5vks6txvt4wpx54,Bhphotovideo,2018-11-06T19:49:40Z,1995
fezijy6cfbe7pl6hurcnzf2oiy,United,2018-11-10T19:41:38Z,1991
gtglt4j7yjglhgoqa7ycmwnp7a,Hyatt,2018-11-14T15:24:24Z,1987
7xsyhh5ig5bn3gc6sxwas66p4y,Profoto,2018-11-14T14:58:35Z,1987
6tioqkgmmzbcnnfveqrsfxlepy,2020Census,2018-11-16T20:11:58Z,1985
5ngi6nk75bb2zjqe47mi3au7xa,HelloFresh,2018-11-17T21:21:23Z,1984
ky7xwijlw5f4zm5vrrtnjk6zuu,Think Tank Photo,2018-11-20T19:40:08Z,1981
2dsmvhzdofeaxkrqdk6ztdg75m,FreeShipping.com,2018-11-24T02:40:13Z,1977
4gh2wch33fdzrbzp7qd3kph6ru,Fanatics,2018-11-24T02:37:48Z,1977
zoxdrjjgufcnpkmmw64kybam4y,NFLShop.com,2018-11-24T03:10:39Z,1977
7mt5fho7iva23ltx542ogljs7e,Aspera,2018-11-25T18:47:56Z,1976
bsxxpwkuyjalrgasqvpt6ewe7e,Green Chef,2018-11-28T15:25:20Z,1973
5jruxvjc2fef5bke5c6meb5g24,Icims,2018-11-30T20:04:03Z,1971
sdris5mfwndr7jacy4rppusszq,CampInTouch,2018-11-30T19:30:25Z,1971
mboe36nck5gp3by26ply7vsjpq,GeoBlue Students,2018-12-05T16:44:18Z,1966
fzgxubbokzgvdj24r3g2ayejre,ASOS,2018-12-07T15:28:09Z,1964
urgptr2lxzbgdiaslz4cmvqp5i,SmartRecruiters,2018-12-07T22:26:12Z,1963
zqwnogpcczebncdmvwq76uyg5e,Stripe,2018-12-14T18:55:27Z,1957
ihnegyyehffhvogoaapvrv5s74,Amazon,2018-12-17T14:17:44Z,1954
tsvil4bjtrh4dmmck6mhncn3lu,Cashngobahamas,2018-12-28T17:37:35Z,1943
frmcxwvfhzfzbk4ybjhsi5yuuq,Points,2019-01-03T20:40:36Z,1937
luwc7ykplfbhlom4oropb6b5fu,USPS.com,2019-01-13T01:08:54Z,1927
p2zb5xg75zcqhknsojk4uctd6u,Citibank,2019-01-14T21:26:32Z,1926
nj5garyjh5hhfcmzp6tbow55qa,Bank of America,2019-01-17T14:14:01Z,1923
2pry7vwxbzej7b7lji2bg7stue,Vanguard,2019-01-18T04:41:10Z,1922
nn5k7d7tsfgotjzmj2o2dcgwga,LinkedIn,2019-01-18T04:41:10Z,1922
xe2q7imapvad5cdjyihwce6uny,Opentable,2019-01-20T01:25:45Z,1920
jauqdpagkrch7g25b5p5evnqhm,CBS,2019-01-20T23:38:54Z,1919
b66pjbmydnbvxksmwjvs7ptpfa,Nike,2019-01-25T01:07:05Z,1915
i4c7qj6r5vfhdcqkvqisajhtby,ShareFile,2019-02-01T21:28:09Z,1908
4px2bnixzfho7lm57nrxii4wbe,Blackboard,2019-02-06T16:04:10Z,1903
fkre7oqayzc4xafqdvchrxd42m,GoGet,2019-02-13T21:06:47Z,1896
i3lzf4inonbjxp4zd3eea2wh24,Viasat,2019-02-17T21:23:09Z,1892
meaeind4arbqjimnajek2ca3ba,Hulu,2019-02-22T03:41:54Z,1887
2atz3b4shrdk3p77bhloyvdyqi,Sun Basket,2019-02-26T23:32:42Z,1882
5fmecyqsgnaplnjeeesfxirkzm,HireRight,2019-02-27T15:15:28Z,1882
hx5k6nz6gjaz7fxarqovkvverm,Gobble,2019-02-26T23:44:47Z,1882
houswpwpyzg6vldf52rlp4j7mq,Purple Carrot,2019-02-26T23:36:15Z,1882
xwda6e7ttnb73jr7hk5byt6zfq,GetHired,2019-03-07T18:58:39Z,1874
ajec4dcywnfv3ogpetgkpbxpia,Zipcar,2019-03-10T17:29:59Z,1871
fbu5y4f5w5gnrm6ng4ej4fwqd4,Withings,2019-03-14T03:19:24Z,1867
icn2fshtpnasfbxhp26n7rtcoy,Target REDcard,2019-03-18T18:08:14Z,1863
4qvzs5mxmnaltekgazxpv6bhpy,Chipotle,2019-03-27T14:48:05Z,1854
m2qzykg3pzaino4dx37yi7fc4e,SUBWAY,2019-03-27T15:13:55Z,1854
wgf7kctv7nallh3z5sbdpot3mm,DropBox,2019-03-27T14:48:05Z,1854
vrgy7jpwc5fqjb54nygajeefei,Sweetgreen,2019-03-27T14:48:05Z,1854
xjlvvygg3ne5hjbgzkm3o4obba,Mlb,2019-03-29T19:44:45Z,1852
jkkr3cszejfsxb73jlz64di6c4,RCN,2019-04-02T13:06:12Z,1848
xom75tjpmndvvaabm5362dkie4,PhotoShelter ES,2019-04-05T19:02:14Z,1845
5krybfmfjzg7lilucgm5uxzqqu,Snapchat,2019-04-18T13:38:35Z,1832
6vpkpkyptbe2rdxsf62m24eopq,Dayforcehcm,2019-04-22T20:03:52Z,1828
a3nk2aveczfpfh2nlqei777aqu,SilkRoad,2019-04-22T19:35:01Z,1828
rvq7lyntojflzdb2ff35vglnfu,Dclibrary,2019-04-29T16:51:20Z,1821
xdlyk67hm5dx7aalwzru6arw74,Apple ID,2019-04-29T23:43:18Z,1820
72s5xtxwj5hyvemwydtmgtl4ci,iChat 2,2019-05-03T00:03:29Z,1817
d7tk6v2pxnchxgvnf3bzdg3ti4,Photoshelter,2019-05-03T22:29:40Z,1817
udvc5pvgvzgpphk3hnfs2bf6wu,iChat 1,2019-05-03T00:03:35Z,1817
5yeipkad2jf2xggpu4rc7bl7yi,DoorDash,2019-05-06T16:37:04Z,1814
gby5fzgswvdjdes4lohn4zedsm,Spotify,2019-05-06T21:51:08Z,1814
ogjafqctzrfirnczyshdebakge,Barclaycard (US),2019-05-07T14:09:53Z,1813
rp3qvaupgndbdnr2jyg5bivs5a,CVS,2019-05-07T14:33:55Z,1813
o32nu3sqgjfwfklzu3ok6sdfoy,Myapple401k.empower-retirement.com,2019-05-10T23:09:59Z,1809
42xfbl77ebdixc3rbns4xu2pci,dakboard.com,2019-05-13T20:01:05Z,1807
gca6dtgegbbzfcnc2h4giujp4u,Banktivity,2019-05-16T22:29:02Z,1804
ujwg74kmgjhm7e5k7jmo7nfufi,Safari,2019-05-20T15:51:56Z,1800
zhz4aa2eb5g67ahsznqlzymygq,EnGuard,2019-05-24T20:46:51Z,1796
ksjd6novcrhppme22rkwwml57y,Wageworks,2019-06-09T19:59:07Z,1780
fgfsrmtsw5f5ne4kmw6devtotu,Financial Knowledge,2019-06-13T17:28:27Z,1776
uocz4ywhyvgwdmenqym5zrfk3q,Ultipro,2019-08-14T22:14:07Z,1714
gj23hzfpifajniuhtitmpgdmxe,Docuverus,2019-08-23T13:25:32Z,1705
sd5ywhkwlff45ivxx73ys2tyiq,Adorama,2019-08-26T14:48:45Z,1702
z7f4iw6duzbcrlldi4i6ubxapa,www.ediblearrangements.com,2019-08-28T18:28:26Z,1700
wpaclkpvvvea5g6iuihgukrxnq,online.metlife.com,2019-09-03T23:49:57Z,1693
ctwqkeymbrbxzg7j44qia7xtk4,vsp,2019-09-03T23:55:06Z,1693
el3f5xhlr5byxjv6a6bmlne6mm,Nintendo,2019-09-25T13:57:19Z,1672
hsetdgh2efh73frtl7ywxa6rne,DC Department of Motor Vehicles,2019-10-02T02:53:03Z,1665
t4f7msgpf5cenaiujdcsvux6ym,| Professional Photographers of America,2019-10-08T20:40:41Z,1659
s5ae75s5gvgkzoxxlhdcpts2ma,Getlocald,2019-10-28T01:07:59Z,1639
3niwlieysvgdthzy3dlgki5toa,bill.com,2019-11-22T22:06:47Z,1613
nrov6nivkbdazhf27xrbbsmeva,"quip | Better oral care, made simple.",2019-11-28T03:35:55Z,1608
eay44ane7jfblog27ynm45gz64,Barclay Banking,2019-12-03T20:06:24Z,1603
kwchnsijizbczj3szkvww47uai,British Airways,2019-12-22T19:02:34Z,1584
zyc2tm7kznfqbhfjd2c6fv7n6e,IHG,2020-01-14T19:01:55Z,1561
6rf2ugwgnvdeho3uqwzuz535me,SoFi,2020-01-29T20:16:46Z,1546
dgzmtomqfnaifgibjpsamq5ki4,GiANT,2020-02-03T06:27:03Z,1541
uwprmvxjzfci3esd3j7aq5hra4,GuidanceResources,2020-02-07T01:32:58Z,1537
cocmtvz2g5eaxfibeaioeddfkq,Experian,2020-02-08T16:13:09Z,1536
xgeiuovlrzd4nndsddngcz5joa,Lock & Alert - Password Reset,2020-02-08T16:20:22Z,1536
zp5asaprlfa63oszngkavg7ykq,Create User Profile,2020-02-12T03:52:04Z,1532
xiylycxfunethjaxpsedvzkkui,Completion of registration | ČD,2020-02-13T04:31:44Z,1531
ed7vsximdraennzexnodmclf2i,Registration,2020-02-13T03:29:44Z,1531
kxquogaqvvdt5kzaabrnzpo3fi,Hertz,2020-02-16T17:34:24Z,1528
lsrrl43fhfcknmspg6jekzb4ca,Chase Bank,2020-02-21T17:42:30Z,1523
6jel5zsdivfk5fknrht7iayjlu,Priority Pass,2020-02-22T23:41:50Z,1521
ltdkbxigt5fmhfi5o45h7urxwa,Quicken,2020-02-24T19:21:50Z,1520
5cahpixf3fbd7h3uu7juugd55a,Jamf Now,2020-03-10T21:26:13Z,1505
qp5d2lsau5adtpuyig2nj4e7fy,E-Trade,2020-03-10T16:18:54Z,1505
oszhoubogrb5ldgcm3v5f6y7se,Bed Bath & Beyond,2020-03-13T17:15:45Z,1502
2ugphplpb5hnrkkanjigj4x2he,Create Penguin | Club Penguin Rewritten,2020-03-15T19:46:46Z,1500
63gg5q6nz5hibgyhh46kxvu4n4,SHOWTIME,2020-03-15T16:47:33Z,1500
mqq5wlb4hfekzhvyvu42yejrvy,CeCredential Trust,2020-03-18T20:26:28Z,1497
gmam2sa6bbgilajxl6xsvzcwfm,www.captureone.com,2020-03-20T17:41:11Z,1495
q2o23zuqone3nh2qmibgb6judy,Capture One,2020-03-20T17:40:47Z,1495
rlhz43gwinflhh4ze2pixb46lu,Truebill,2020-03-20T18:51:41Z,1495
ujwezya6tbbqjnqobyin6cxz7y,Commi,2020-03-25T20:31:39Z,1490
hn4tsz3ijnc4fflqexawgirirq,Dun & B,2020-03-26T02:37:26Z,1489
cef4jri32ffy3odn5rcwhx5jlu,IRS Newsletters,2020-04-03T15:49:05Z,1481
nvffio3cezd3db4obmbxs5jxzq,LIFT session,2020-04-03T16:26:47Z,1481
dpzfoyeznbha3p2nglnlcp5nse,easyJet,2020-04-07T20:02:21Z,1477
wcqxiqxzjbgcnm5fhiuybb2yvm,Openstreetmap,2020-04-07T17:09:55Z,1477
hkbmqjulefdkjo4gvu45cbdyri,Coursera,2020-04-10T23:59:58Z,1473
kqii3r5wgvhunc6q6lvip4mouy,Cater2,2020-04-15T20:34:07Z,1469
uxgkyg44arbwbd7hruobrrkxo4,Tappy,2020-04-22T16:50:08Z,1462
7xj4nbplnvfn7pyz7t75n3ydca,"The Savoy | Apartments in Washington, DC |",2020-04-21T23:38:21Z,1462
e3sx3mudkbadfgpgqinstayv6u,Phase One,2020-05-01T02:05:41Z,1453
byfeondukjgohijytpzk6y46eu,: Kansas City Steaks,2020-05-01T01:44:54Z,1453
5lmvmfe6ufetllbxscjhyiiqzy,Apple Wellness Center — Register,2020-05-05T22:58:05Z,1448
5ulin352wjhklfqf6qwxn5slhy,Netflix,2020-05-09T23:20:57Z,1444
4lbbx3bsnzgmfduchjmlmgfnfq,Aaptiv,2020-05-11T22:47:01Z,1442
ansznz635bdxbgukfvr6zfblz4,Home Chef,2020-05-21T21:57:45Z,1433
5ams5mvlrfcgfp4v7blnglkxhu,Marcus,2020-05-24T20:31:39Z,1430
afftmuoewvhiribrewnyp3ns5q,Gwu,2020-05-26T20:23:42Z,1428
3hiunyakurbghekzxzlscqieby,Amazon,2020-05-28T18:14:28Z,1426
hkqa4of5t5einpzxjzkupxa53a,Careers,2020-06-06T00:12:04Z,1417
mvxu422tczcl7cfruty4wci3yu,careers.warnermediagroup.com,2020-06-06T21:17:13Z,1417
vlabftlukvhytkczszgrgs4ypu,Avis,2020-06-06T13:58:57Z,1417
edodqfsjtrdrvkvr2yb4o4rnci,login.gov,2020-06-07T17:46:02Z,1416
ux5yq7pzkbbd3otkr2ty4jwzru,Pixieset,2020-06-11T21:27:51Z,1412
a6gxn75fkzc5vin3k4fi2prryy,Verizon,2020-06-18T19:52:48Z,1405
trmtjskxpjetdj3h7gayolbr4u,usaa.com,2020-06-19T19:08:47Z,1404
4wkrsbbqy5d47iz5tyix52lgzm,Pepco,2020-06-29T20:24:20Z,1394
62osl4nsbbd3bg3vjzeew4mbku,Ecobee,2020-07-02T17:49:09Z,1391
pwznd23e6neopiab5grduh5wte,Rooam,2020-07-01T23:21:09Z,1391
x5p5zd4dvzbb3fk4amhsxdhj7e,Sofi Mohela,2020-07-02T18:22:16Z,1391
jguzqmxj6jgpnbwgigvtkpdcti,Blue Bottle,2020-07-06T13:03:29Z,1387
7tufkcgsobernmoq57uzibdtxy,www.globalfit.com,2020-07-09T04:28:02Z,1384
vvy53nqex5edfckffczsuo37ay,Zixportal,2020-07-15T22:32:34Z,1378
uy2f7r2glzbmhnsbn3jyvcd6wi,Wpengine,2020-07-17T15:50:31Z,1376
yvh73asguzdjxm4u6vwddjm65q,Tilghmanislandinn,2020-07-17T15:52:57Z,1376
aolwrkv64besdf4qpcbgzhx7dq,Washington Sports Club,2020-07-30T19:37:08Z,1363
sfqfr6xfzbdzhl3j2maxz75f3q,Toasttab,2020-08-02T00:54:08Z,1360
wztmbbgl75cxlnvli3t2alulda,Pepco Rebate,2020-08-21T15:38:40Z,1341
f4dpisdxx5f6dbj5kjgzjg73sm,TII Ethan Admin,2020-08-26T15:56:42Z,1336
avdb2sw3z5hlhlsw3s4enxwcma,TIAA,2020-09-02T22:58:31Z,1328
5tvu7v7jnbcablbe5pmocxvq4y,Fidelity,2020-09-02T23:14:22Z,1328
6qgehzwyoncyda6siywmagssgq,Ticketmaster,2020-09-25T17:18:17Z,1306
cxbwfc7k7fh57ms56u376gtr7q,Squareup,2020-09-28T03:19:32Z,1303
zimz3ay6a5fbvmbwha5pi4qvfi,Smarteventscloud,2020-09-29T16:54:56Z,1302
hdotdacttfaijex6sn2wjepgym,Slackfrontiers,2020-10-06T20:53:08Z,1295
ox4oawwi3jeu3exvkgbqzsrtm4,Trainerize,2020-10-24T20:37:31Z,1277
z5lscsfqu5dv3fxzjipcwjydby,Backblaze,2020-10-25T19:11:15Z,1276
45ywu4p2yffshdl7ohhtbrisza,Myfitnesspal,2020-10-25T23:53:49Z,1275
6n3cehk4jjearb4pwmamufabsi,Wheresweed,2020-11-01T21:10:41Z,1269
xc4gpvqrxjd2limxnqu5kta33m,craigslist,2020-11-04T18:41:08Z,1266
fx3fz6ytqjhehm3kxqvfxetznu,Peacocktv,2020-11-08T04:30:49Z,1262
h6wm5jybtzdgnosxq7snjpb2hy,SnappyEats.com,2020-11-09T18:21:49Z,1261
wwhsfxaexngedc42gzmcgimclq,Walgreens,2020-11-10T00:44:15Z,1260
m6vojhbfafg67lkhe55xm3nzli,American Airlines,2020-11-20T03:24:10Z,1250
jjlotkrbb5aohaykqjwqmtvvva,Dropbox BIZ,2020-12-28T23:10:09Z,1211
uupc3ugbo5cctfw47ql2stxsxi,Dyson,2020-12-30T16:46:35Z,1210
fvx2c75a4ndxbijlqllm2qjo4i,Shopify,2021-01-04T03:02:49Z,1205
vye34cypzzfazd5z6rhjmqc7g4,TaskRabbit,2021-01-10T16:41:47Z,1199
s4ljpqhjjngi5nn3x2fb7vikg4,Box,2021-01-12T17:40:43Z,1197
xczoycoz3zbtbbgg55cnik74uu,Hungryroot,2021-01-20T16:11:20Z,1189
nxjgw5cywves7j7a3lo3hdt7vy,new.mysecurehealthdata.com,2021-01-27T17:50:49Z,1182
lvw7jjdwqngyfokfmi7e2crcgm,Robinhood,2021-01-28T18:20:55Z,1181
xjdpcovkyfg6fpq4ezdsildepy,Robinhood,2021-02-03T20:26:22Z,1175
u4dhsh3wjvefxedlmlemsd2sjq,Rentcafe,2021-02-04T13:54:56Z,1174
nsd3jtsdtffbrd2wzedy3fr2wi,Successfactors,2021-02-08T23:20:38Z,1169
ejul4nxsbrejljt4dq3overee4,TransUnion,2021-02-12T19:43:58Z,1166
zftmllmysfdplmtvyfwgyyneke,TransUnion,2021-02-12T19:45:54Z,1166
ma4zrvhju5hzjoy6zon32xsqwi,Create Personal Ac,2021-02-16T17:51:02Z,1162
etzeno6gibdvhmrlj2nqn2aiyu,Usgs,2021-02-16T23:57:44Z,1161
gy55o3dkuja45inyzlojt2n674,Parkmobile,2021-02-27T21:01:36Z,1151
dtmudw3pg5ap7l2gss6xskt24q,dcra,2021-03-06T00:32:11Z,1144
spszmz6u65aupnq7szfnxkbba4,Exposure,2021-03-11T21:50:02Z,1138
v5jddapxxfckxp7jt6hugafenu,Lose It,2021-03-19T17:14:12Z,1131
5ngtew3ze5amrm4iqwtud3gmle,PrintWithMe,2021-03-21T19:36:52Z,1129
e6qvh7thufcxtfzpuyr2qj2hde,myPennMedicine,2021-03-24T15:12:36Z,1126
ijyfvp4stzakxm4dyertdsaw5m,Ecolonial,2021-04-01T17:18:39Z,1118
t3mz776uyfecdanyi5p2kxbvmu,Hilton,2021-04-12T22:48:04Z,1106
oxk3c2ensjdlhb7rs6276ormpq,Aetna Health,2021-04-16T15:26:29Z,1103
avgdv55bwresrbjjdar5a4vmvy,American Express,2021-04-19T19:47:57Z,1100
276xe6o3ynasfnhpifbdhaheby,Myoryx,2021-04-21T21:40:21Z,1098
lxskerlcybgxlmxpjt6fvxwuhi,Verizon,2021-04-21T18:53:05Z,1098
cmzx6odhv5g3dodibpstyxyvdq,Aptamigo,2021-04-22T17:20:26Z,1097
m6civyl3gzcfnoxdivvaukcomi,reserve.flyreagan.com,2021-04-23T02:26:07Z,1096
h7zfuicygvbxxmgtxlwnxxkbwq,Kraken,2021-04-28T17:15:32Z,1091
3fj5ncerozh45kihfxl6z6dbou,Avature,2021-04-30T22:29:57Z,1089
bcyh7l2l5vdfphwknx75nrkikm,Facebook,2021-05-06T17:36:56Z,1083
gwizfbyxtz3vshdgd75lnfe75q,1Password Account (Ethan Stoler’s Family),2021-05-06T16:21:05Z,1083
iwpajxbjingypaljjr7q5zinca,YubiKey,2021-05-06T17:04:15Z,1083
oj2lqahbjng3xjfrzpgfxrdjza,Instagram,2021-05-06T17:45:07Z,1083
h5j6olnrnvh3jfjbu6ifblprqu,CoinTracker,2021-05-19T22:44:34Z,1069
u6s6od2oufat5j3jfy5op6axj4,UniFi Network,2021-05-26T22:46:52Z,1062
zho6vseepzbrhmdnrpm56fb7aa,Updater,2021-05-26T23:23:40Z,1062
mcjn2zss7jg5nfsv6xi6pw72wq,Studebakersubmetering,2021-06-04T21:25:50Z,1054
rfqxfwws45djhhsjorpc4h7s4i,craigslist,2021-06-18T00:27:17Z,1040
vwt3zjogz5h5hmbjlsokdtctaq,Recreation.gov,2021-07-04T18:39:47Z,1024
mqnndyt6prfd5hzvqwvitjxpnm,Foxycart,2021-07-05T01:16:23Z,1023
lr6h2c47b5bzzoyv7vsszlahr4,Pax,2021-07-06T02:28:31Z,1022
2x36gddkt5fo3jwdfxzvjgkpiy,Sirius XM,2021-07-07T18:45:33Z,1021
jtp7uejq6ffofpmrqe7v2ccd2m,Rei,2021-07-09T20:12:25Z,1019
eu7qlz7ipbfwte6qcs3qruof5e,Essclientservices,2021-07-10T12:29:41Z,1018
sehxxlmz2vhopnzlehktuxkiqu,Essclientservices,2021-07-10T02:09:59Z,1018
geaupfcnfbc3xm63v6nh5nlbqe,Sign Up | Disney+,2021-07-12T02:28:44Z,1016
jznaicxucfgpnje3kpj4vfgz7i,Disneyplus,2021-07-13T01:57:58Z,1015
otdutr34yzcazluc2pjepajrc4,Movinghelp,2021-07-13T01:45:33Z,1015
pq5odskhgfgm5d2nyr3qxpssme,Discord,2021-07-15T18:32:27Z,1013
drow55cvyrhgzpu5rxfnbjoriq,Uhaul,2021-07-29T18:06:20Z,999
ifkceug7ebcfzfwhyi4m7dj27q,Bch,2021-08-03T01:11:49Z,994
lnsmhmcmpzehrabixitlfuqege,MyPanera,2021-08-06T12:50:39Z,991
6fgam23ztrdzlpc2bvfu5d46v4,Godiva,2021-08-09T19:36:31Z,988
bbqg6lrnzbcm5h3ngsyvgpjkne,CO SOS,2021-08-12T19:34:49Z,985
xxwplvgyjrhjrodb6t2i5aehfm,Lionsgatescreenings,2021-08-17T02:17:54Z,980
2do5s3soqzcjja5kqpayn4sxbm,Peets,2021-08-20T16:34:21Z,977
g3pjulf5mfh7lcufkhadqydvka,Sclhealth,2021-08-21T13:54:12Z,976
hevov3ef2nht7ljvsocxmzyfea,AXS.com,2021-08-21T13:49:25Z,976
l2lefwrs4ra3thkh2q2cwn2tja,Vividseats,2021-08-21T13:46:34Z,976
7ehhdnxbxzeu5dxh2cbav3yvcy,Wework,2021-08-24T02:26:51Z,973
qvqp6mgyifgt3pl76exqxfexdq,Titans PhotoShelter,2021-08-27T20:29:00Z,970
gwqdmqwxarbtppjnkymeuolxme,Rrtusa,2021-08-30T02:05:13Z,967
erhlno45sve27py4kviejx5isy,MyCenturaHealth,2021-08-31T17:21:38Z,966
y6khxwjg2jev7iwa5vgo2b3u5i,Aetna,2021-08-31T02:22:33Z,966
26wgzajrwvf5tnq5ryw4r5ix6e,iCloud Biz,2021-09-27T06:39:20Z,939
qln3qpfry5d2lnshfdrvhopgu4,LG Partners Mall,2021-10-12T21:22:54Z,924
4s3jy4xatjhcdkcpii57ewd2tq,NBA Slack,2021-11-04T16:40:14Z,901
buvayakp55cddlrz75hkcuokuu,Mindbodyonline,2021-11-15T15:30:24Z,890
stci23rig5cz3gqv2pnhsos23u,Boulder Bookstore,2021-11-21T21:49:13Z,883
nksqim7jaqgns5kzc2oa4rouia,Cvshealth,2021-11-27T03:36:39Z,878
42nje5u3vzcgvcuex7et4zfbzm,KuCoin,2021-12-03T01:53:49Z,872
no26oceqzzbaxfcqtxiioh2vvi,applicationstation.truescreen.com,2021-12-08T00:30:35Z,867
ubhmzg72dfhulguqec3nr3ug2i,Boulder Housing App,2021-12-14T03:10:16Z,861
4flhoipomjfijdgvfzbaggyrqm,Eatbirdcall,2021-12-16T23:23:07Z,858
j6tm5ygx75gb5dhub5pqykp55y,Elevationscu,2021-12-27T22:49:53Z,847
fqcedty5ezbvndot3xmt7455bi,Expresstoll,2021-12-30T05:20:12Z,845
bl3brvcybjdsho76ixcnzrugoy,Theragun,2021-12-30T20:05:22Z,845
cvadkihcdrapnm6sg4v35lrksm,Disneyplus,2022-01-02T02:25:00Z,842
jadyundahzhajikgb2xkhlyigq,Myirmobile,2022-01-02T01:55:46Z,842
dfgoai2bhfdklc6wtoxiaw5noe,Ehomeamerica,2022-01-02T21:38:39Z,841
ahqdwwqawrdelb3epn35pfvta4,Optumfinancial,2022-01-09T21:21:31Z,835
yazrzkoifze5xpwisgie5mwtfq,Google Brandfolder,2022-01-12T17:48:43Z,832
x37fbwxpsrgsnbafi66im5bmom,Apple ID,2022-01-18T22:57:15Z,825
3x3bjcjoindqpaixevws4mx6ni,Gnc,2022-01-20T22:36:23Z,823
5qvzp2ov4zbrbng2fc2wasdkxi,Breckenridge,2022-01-22T00:26:29Z,822
vjquzik42na6ndtbytixbhluzy,Ci-hub,2022-01-27T14:23:23Z,817
ubpf3xygyfgutgnoadgr252wfi,Frontgatetickets,2022-01-29T08:59:55Z,815
iobkmbzfevdivci25mxh4ohnlm,Premera,2022-02-02T14:26:50Z,811
e5hn2tkvjjgyti3qzm4yefrhoq,Willistowerswatson,2022-02-08T01:42:56Z,805
axnxrln3jvhkjhotjj4kdy5qga,Mgmresorts,2022-02-15T04:00:29Z,798
b52jgxc4ejfl5mxdtmmu37recm,Epicpass,2022-02-19T01:31:57Z,794
gtoc5u7e2xbueef4n3xuyytehq,My-care-plan,2022-02-22T15:04:55Z,791
vpn3ypvvuzcq3bvhxkevqultnq,Premera Secure Mail,2022-02-22T18:41:28Z,791
zn2z276kfl3kzkqq2f7mnnzfzy,My-care-plan,2022-02-22T15:04:39Z,791
rvr7a4pxffdwzn6pfpsjqzpimq,Ecwcloud,2022-02-26T16:59:18Z,787
choptxrgsffr3evv5zdsa3plou,Truity,2022-02-28T03:38:20Z,785
2sdyhtd6s5altitfaswkpujmae,myuhc,2022-03-04T15:38:09Z,781
6vtf6rjlprzzwddzkguw3sb54i,Torchys,2022-03-04T17:09:51Z,781
kphljnkdyjhjphdie2m46grofi,Flickr,2022-03-04T17:11:18Z,781
qeufinnd5rbyngd23f5coaoz7y,NBA Slack,2022-03-05T04:39:48Z,780
s4kzolumnzbh5jvs3hl4hbsrpe,Masterclass,2022-03-18T21:03:16Z,767
dxatqfw4im4suo4g24fpppzzti,Nike VotA,2022-03-19T21:14:39Z,766
u4ai5cardfcn3fp5zwmddmv2ne,Chownow,2022-03-29T13:47:32Z,756
h7m73vqcabctvcigfpn2crzbdm,Optumbank,2022-03-29T23:50:26Z,755
pg3p4q723vfczhicqmxejsork4,AMLI,2022-04-08T23:29:46Z,745
qxyqejkcafdlzol5cgyunkcswi,Dollarflightclub,2022-06-06T19:47:59Z,687
3ftrtz4wr5cvbbqvs6jqeqf6ga,Clearme,2022-06-20T21:50:07Z,673
r2b5etu6nvfzxb5si2yf75fcv4,Publicstorage,2022-06-20T21:42:15Z,673
7fagojtqr5a2xnkhmrfb47jldq,MLB,2022-07-02T20:51:56Z,661
iazb5s4mxreejcktqwiadw6ave,MyProV,2022-07-02T20:53:15Z,661
j3asiwrlsjaoxowhiksb64ylra,Floify,2022-07-08T21:24:05Z,655
bhwnscoaezhtxbbbymo5x3ruqq,Samedayhealth,2022-07-09T15:36:42Z,654
dvt3v644wbgc3fvkeye2s5zwyi,Brandbot-Checkout,2022-07-17T14:54:52Z,646
m7r44ancmrbcbishtg37lysoge,Paypal Biz,2022-07-19T21:09:21Z,644
2znol365eg65eeorc6sg2e4vnq,Apple,2022-07-22T05:19:46Z,641
qxnwocv4rsdskjfqnojecxqfse,Wehikei,2022-07-25T08:06:49Z,638
vmtgborvknavdlbncrcxpi4mlm,Pronto,2022-07-29T04:12:18Z,634
o7q6ubburjcv7ed7anmjeuuskq,Heymistr,2022-07-30T13:21:48Z,633
dex5bxuhvverhjzekib74xy6mm,Zenplanner,2022-08-02T19:50:19Z,630
ft37z5bntfb2tmfmewvkg2vaeu,Passport Corporate,2022-08-02T01:27:32Z,630
kb44jvvh7fdo7f5plgwats4cou,Paypal,2022-08-02T02:34:48Z,630
i7zhhkvtqnacplt3j4lxcz7llq,Uscourts,2022-08-05T00:27:22Z,627
ttzzfn4wcvfqxlqdejpeu4j5da,RTD,2022-08-21T00:25:40Z,611
6a5u4mlpsi43fhrcgm7fwzvbh4,Starry,2022-08-23T01:26:23Z,609
2hx5v5nc3fasjc6mer5fnwpvp4,Parcelpending,2022-08-27T18:04:47Z,605
fa6xwzbd6yqwvbu66ajd6fyzga,Xcelenergy,2022-08-27T17:07:56Z,605
n2ygk4o4kozdvyzanitimqj5va,ButterflyMX,2022-08-26T22:43:07Z,605
azt4w4c62xgt2koyx5xmyr63ye,Studentaid,2022-08-28T14:47:56Z,604
tl5zehba2rgvicwbsw42ghbcde,IOT Wifi,2022-09-01T02:03:28Z,600
ytn3wnobabchbd3263rgajode4,MySubaru,2022-09-05T21:10:57Z,596
kogwg7mqw6jzcfuwxepivkzuxu,Lgaccount,2022-09-09T19:11:19Z,592
wds7jvj67rddpojj6ivypouvzu,Disqus,2022-09-09T19:10:52Z,592
5guslewxvjbjgimp32zsqagfpi,fuboTV,2022-09-11T20:29:15Z,590
6fmbzzlih5hsxbcczscvbiefue,WellsFargo,2022-09-11T23:40:11Z,589
srlkcsfnwvx4tr3ptcp6ayq32e,Homedepot,2022-10-16T21:21:38Z,555
r2kdksacbrdqbapuxhnoxxir3e,Deltadentalwa,2022-11-01T21:05:21Z,539
mkd66nihiut2d45dgovtqgr2ry,YourHealthFile,2022-11-04T02:36:45Z,536
c5k6fdlrgvsbvg4rbqvdromsey,MyHealthRecord,2022-11-04T02:57:47Z,536
e7trkh2bizeg5lrb2kuglflrri,Amctheatres,2022-11-11T00:09:10Z,529
ibc5hfzqvjamfpqvvmzff4gdri,Labcorp,2022-11-17T19:17:53Z,523
aisvldovndunkerwibsdbrs3ba,Backcountry,2022-11-20T23:03:50Z,519
jnffp27vqcm5r6x54grkbbljai,Faremag,2022-11-24T03:28:43Z,516
oupedg4sgfw33ruqoi4ab3aaoi,Bonobos,2022-12-02T00:15:23Z,508
3tmdup3xqaifs4xr46gozs45mq,Apple Marcom Talent Network,2022-12-21T18:23:42Z,489
jykwwpxfgnd65cszw7vhobogwi,Sites-SaksFifthAvenue-Site,2022-12-25T18:15:28Z,485
isz3fcv6hucz6ce4qfwjz7rbrm,Klevio,2023-01-17T00:51:26Z,462
j5zhllzhnbabzbtj5xbonfdthi,Equinox,2023-01-21T04:21:47Z,458
qrc4otrz6laxudtgmqcjymaioa,Oyster,2023-01-21T23:53:59Z,457
l6ko5oaglmtpuolfwmwplio6g4,Marianaiframes,2023-01-24T08:28:00Z,455
qsg2atqlvfe4zdb4l3gz7cvnpm,Adp Apple,2023-01-30T19:49:16Z,449
sgab64vqunc6bp423kkbkjct4m,Mycolorado,2023-02-20T00:38:13Z,428
vyptctork6wfdtk2f5uwviiepi,Configio,2023-02-25T05:16:01Z,423
7q3gvxbtqwv6sabk6beui6vl3a,Dutchie,2023-03-10T23:15:27Z,409
rrfnizsifzneskvb4lrtxzxhma,Captyn (Fleet Feet Registration),2023-04-09T02:15:48Z,380
zuzb2kq6dfr2szzjqomxlmkl2q,Denver Pride,2023-04-09T21:22:08Z,380
pjaoenhb4keuam3jokxh5q2eke,Mimecast,2023-04-16T21:26:21Z,373
4wr4f4htdzthhhda2xlbf2pc2y,Hoka,2023-04-20T00:31:47Z,369
oyrsvsp2nr2iucd5lyzxlgaddu,Denverlibrary,2023-04-27T13:21:38Z,362
vvaistf4mrbdrnvwztdh4krw3q,Marriott,2023-05-11T16:26:04Z,348
ywj3ovqehjuavxi65xmjzyjkjq,Tattered Cover,2023-05-11T02:28:34Z,348
facxl5el5ni2l7oaekdxvd4z5u,XCover,2023-05-15T00:02:01Z,344
ntgvg6t42lhi5koj4lwvfn3xde,Boulder boulder,2023-05-29T02:40:48Z,330
eeniq655zlc3pskvbz3yxcpy3u,Do303,2023-06-11T14:22:42Z,317
7hqetxbm55s3b76qppsp5uc3hm,Mimecast,2023-06-13T02:37:35Z,315
duhdbjsbszbvlbvmmlttgppjqy,CDASS mail.,2023-06-17T06:05:09Z,311
bcutzojsr4t3fze2m6zs52vxdy,CDASS,2023-06-17T06:03:49Z,311
jjdekqvbmofwbetnniigekd2wy,Blue Pan,2023-06-23T01:05:27Z,305
yjgnjwenapur7ss6vaobplxehi,Myworkdayjobs,2023-07-02T01:38:14Z,296
xastfh7no3zakvmanxnzciwdqm,Taleo Starbucks,2023-07-18T17:06:05Z,280
tf3whk7xlfaqtl7jiv75yzch64,Wawa Rewards,2023-07-23T01:43:38Z,275
srdfzs4rb7j2vcauhudd45a554,Costco,2023-07-27T04:15:59Z,271
ovcdhae3mffohorb2nrhs5rcqy,Coloradosos,2023-07-29T03:50:10Z,269
swl2etpz6szmbpft4k27ls43pa,Volo Sports,2023-07-30T01:02:31Z,268
w2r3ak2ilgemlunuwz4sayn7za,Janeapp,2023-07-30T20:40:16Z,268
2aiko3nllzoofcu5ynjpgpmncm,PaoDenver,2023-08-03T05:49:28Z,264
b7a4e5zafzxvtmaslfyhwnfgxm,Palcofirst,2023-08-03T04:28:04Z,264
3g2amnckkjapdjbljmx4tcmerm,RegMovies,2023-08-13T20:35:20Z,254
awhnraeexrbtri7p2qivngznre,Lyrahealth,2023-08-23T04:30:02Z,244
hvcci47w27y324oszebfssiul4,Mode,2023-08-30T02:28:04Z,237
or25pyxrbfavdhgo6uh3psnhsi,Gwu,2023-09-17T01:09:19Z,219
73tmewgigmorsie2z5r4jkz2tq,Joinallofus,2023-09-30T18:08:31Z,206
v2svleb5oszyrttfqhzg5qkgbe,Enmotive,2023-09-30T17:40:14Z,206
iimsam6es5hlzoizjtbnbbnmwi,Verizon Wireless,2023-09-30T23:28:32Z,205
gy3lfs6amail57dypfefmoyqsq,Successfactors,2023-10-02T16:26:44Z,204
f6w3ibcea5djz537bkrhqafdgm,Marianatek,2023-10-17T02:02:46Z,189
6nlbbdal2x3cee4doo5ikvzoom,Costcotireappointments,2023-10-27T16:05:47Z,179
myhlo44sh63g7yfmej4yamhemu,Lululemon,2023-10-28T22:05:15Z,178
a3ywxu4pznvyhdoxmnq5zb2ymm,iheartmedia - Myworkdayjobs,2023-11-06T17:28:10Z,169
tensv7o3ppubrnjga4pg772bxa,snap Myworkdaysite,2023-11-12T18:33:07Z,163
fww7qqbdkzc4zklwfnjc6l3sju,Vivintsky,2023-11-17T18:05:04Z,158
x2tqbgadu5cjdlteg5pmqq2tva,Ubiquiti,2023-11-18T20:36:46Z,157
2emdjq4zpnh2jpfd23xpjy4hhy,Coinbase,2023-11-23T21:20:00Z,152
l4gwsexfx7n7eih4iierend3py,Governmentjobs,2023-11-23T02:08:33Z,152
ib4m32mlfbecr4bwqyqypudef4,Simplifimoney,2023-11-26T02:24:19Z,149
odhizwy5jbta27cgk5uggkigaa,Cisco,2023-11-30T21:33:16Z,145
xemqrwhzq6fz54inkmcirdjhq4,Brooks Running,2023-12-02T01:59:28Z,143
fusixvynarbpnlwzt54gdy745y,Amtrak,2023-12-04T04:12:56Z,141
ojh6mpzu4ahhjfbllwm4qd3to4,Denverhealth,2023-12-05T21:04:06Z,140
f7a75x6fxkonwt6g75uxucmkde,Vuoriclothing,2023-12-07T03:26:43Z,138
x6bx47iofqczciqutp5pwkufim,nike - Myworkdayjobs,2023-12-08T03:56:37Z,137
mz5ybyixhkfqxcnhmjj5nlseqa,Ninjakitchen,2023-12-09T16:57:14Z,136
uo5gbugntdrxtde46ngs46i2ey,Netflix,2023-12-10T22:03:06Z,134
dlgwgf5e6asu733i4c2h77h4ve,Getpostman,2023-12-12T03:31:54Z,133
vylm6r633yjvczzeerxwlr3jjy,Factor75,2023-12-12T17:54:24Z,133
ezuimgt4zl6xc3t7dgxwixso3q,T-mobile,2023-12-15T06:59:57Z,130
juo6irevhtrwipk2tbaaywt6ja,Metlifecareers,2023-12-19T01:55:52Z,126
gs3okvfe4bejpi5ygqz4dsbhve,Wmata,2023-12-22T22:05:16Z,122
4xnnqiapsxoevpunucc3waselq,Under Armour,2023-12-24T04:09:24Z,121
n4namhoro5duzlq56a6og4h5jq,Barnesandnoble,2023-12-24T03:51:35Z,121
msblapan2fip7mtfz2tl334bgu,Hims,2023-12-24T06:58:42Z,121
gyqgre3qsjmxcvkiqcah4rjsdi,HackerRank,2023-12-30T20:09:12Z,115
ppd6qjdj5jb2bd46wjul2ityka,Okta Smartseet,2024-01-01T16:02:57Z,113
xphwokeadhfylfbgzojhioccwy,Myworkdayjobs - workday,2024-01-02T05:10:07Z,112
zixngh3oaekwfk5buto77ulpdm,Myworkdayjobs cloudera,2024-01-02T04:18:18Z,112
rydeusb44ebyrplkvqlo33ej54,Taleo,2024-01-04T03:31:43Z,110
y7bf3uxkb5u7x2yxemxkhhzpli,Useparagon,2024-01-04T01:44:22Z,110
zkrgqeiwed63badfm36l7tnl3m,Icims github,2024-01-08T03:26:58Z,106
v2r63j643t4vqau3ipku3koxdu,Myworkdayjobs - nvent,2024-01-10T04:00:54Z,104
vifd7teo73qkra2hofegnmxncm,Myworkdayjobs - atl united,2024-01-10T03:20:06Z,104
vgqv77phkhsqejrclznmxersnm,Myworkdayjobs - adobe,2024-01-10T21:29:01Z,104
enxqbi5m65bcdm7uhck3aw63wy,Squarespace,2024-01-18T05:12:39Z,96
vnfqmzhowbsrac53v23l3y23di,Ticketek,2024-01-19T04:04:03Z,95
fdn7ws3mqpcpodnxhh2hsvvpyq,Cloud Academy,2024-01-20T18:04:37Z,94
dt6sxufxfdbhojkx7exz43z6pa,Bareperformancenutrition,2024-01-23T22:17:26Z,90
